{"cameraMode":{"drawMode":0,"name":"Shaded","section":"Shading Mode"},"sceneLighting":true,"audioPlay":false,"sceneViewState":{"m_AlwaysRefresh":false,"showFog":true,"showSkybox":true,"showFlares":true,"showImageEffects":true,"showParticleSystems":true,"showVisualEffectGraphs":true,"m_FxEnabled":true},"in2DMode":false,"pivot":{"x":0.5988723039627075,"y":2.6718411445617677,"z":-5.093622207641602},"rotation":{"x":0.018815532326698304,"y":0.9698461294174194,"z":-0.2299584299325943,"w":0.0793268010020256},"size":4.898689270019531,"orthographic":true}