{"cameraMode":{"drawMode":0,"name":"Shaded","section":"Shading Mode"},"sceneLighting":false,"audioPlay":false,"sceneViewState":{"m_AlwaysRefresh":false,"showFog":true,"showSkybox":false,"showFlares":true,"showImageEffects":true,"showParticleSystems":true,"showVisualEffectGraphs":true,"m_FxEnabled":true},"in2DMode":false,"pivot":{"x":0.9300000667572022,"y":0.687999963760376,"z":-0.33000004291534426},"rotation":{"x":-0.13312380015850068,"y":0.6833592653274536,"z":-0.1288154572248459,"w":-0.7062739729881287},"size":0.8660253882408142,"orthographic":true}